0,label,predict,0,1,2
ppkm sih rafathar birthday party kocak                                  ,0,1,0.3484,0.4367,0.2149
ppkm kali pengusaha berlega simak threadnya                                  ,2,1,0.1548,0.678,0.1672
berita nya sih untuk protokol ppkm                                  ,1,0,0.4726,0.351,0.1763
ppkm darurat kepentingan rakyat                                    ,0,2,0.2767,0.3816,0.3417
ppkm umur tahun main tetap disuruh pulang magrib                                ,1,0,0.5596,0.2522,0.1882
ppkm selesai corona selesai tahun belajar onlen mengerti bodoh                               ,0,1,0.2611,0.5825,0.1565
ya bapak pamitan bapak ppkm menemukan orang  wkwkwk                               ,1,2,0.2148,0.3183,0.4669
kebiasaan diam rumah brother keluar iya kerja doang keluar main kayak malas bawaanya hahah kayaknya terbiasa ppkm deh                      ,1,0,0.8113,0.1187,0.07
ppkm dirumah bosan bosan mari join mangga  yuk   pastinya  link                          ,1,0,0.5971,0.2064,0.1965
misal ppkm cari uang sulit harga poli jiwa tolong kurangi harganya                             ,0,2,0.2324,0.2415,0.5261
 iya ppkm  kayak level pedas                                 ,0,1,0.3188,0.5404,0.1408
survey an ppkm apalah namanya                                   ,1,0,0.8248,0.1382,0.037
deh ppkm udah kelar nongkrong  plaza ketemu                                ,1,0,0.6201,0.2815,0.0984
apapun komentar video setidak nya memberi contoh aparat penegak ppkm negeri sehat bapak nya                          ,2,0,0.9773,0.0159,0.0068
jalan jalan  jadi deng ppkm                                  ,0,1,0.2165,0.6568,0.1267
ppkm beli motor dicicil                                    ,1,0,0.5151,0.3548,0.1301
menunggu apdetan drakor id terlambat libur mingguan kayak ppkm                               ,1,0,0.4106,0.4018,0.1876
pengakuan dosa gereja ppkm                                    ,1,0,0.8937,0.0778,0.0285
pak surabaya menjadi presiden kira dilakukan  pendemic tahun berbeda  pemerintah lockdown negara psbb ppkm negara dibiarkan bebas covid                    ,1,0,0.4374,0.2742,0.2884
ppkm pak  fokus melakukan  covid karantina wilayah  covid vaksinasi tracing   pelayanan  obat ketersediaan rumah sakit   hidup sehat prokes              ,1,2,0.0195,0.0254,0.9551
lucu ppkm moga minggu perpanjang pengumuman selesai menang gosah subsisi rakyat                             ,0,1,0.0155,0.9739,0.0106
pas ppkm bosan sih                                    ,0,1,0.2935,0.5858,0.1207
ndk tergantung  zona ppkm level merah oflen                                ,1,2,0.19,0.3982,0.4118
plis plis banget  coba ppkm diperpanjang                                 ,1,2,0.2309,0.2072,0.5619
maaf merayakan secara merdeka jiwa raga terbelenggu prokes ppkm                               ,0,2,0.2724,0.1646,0.563
ppkm diperpanjang banting rasanya                                    ,0,1,0.3761,0.4582,0.1657
untuk hari penerapan ppkm darurat dilaksanakan jawa timur                                ,1,2,0.0697,0.1793,0.751
gara ppkm                                      ,0,1,0.2934,0.5211,0.1855
selamat pagi dunia ppkm penuh berkah peluang tantangan tipu tipu                              ,0,2,0.0333,0.0484,0.9183
berjanji ppkm diperpanjang bakal  rumah bakal tetap respect menepati                              ,1,0,0.5661,0.3253,0.1086
kalimat pak nikah  masuk sih paham konteks dibahas soal ppkm wkwkwk                            ,1,0,0.4966,0.3488,0.1546
alhamdulillah mengajak nongkrong punya alasan nolak ppkm                                 ,1,0,0.627,0.1715,0.2015
karokean ya allah ppkm berakhir                                   ,0,1,0.3612,0.4777,0.1611
ppkm diundur  hidup                                    ,1,0,0.4658,0.4376,0.0966
lumayan  hasilnya terdampak ppkm                                   ,1,2,0.091,0.1184,0.7906
ppkm diperpanjang bandung pantai                                    ,1,0,0.5643,0.3122,0.1234
menjadi seseorang alamualaikum semangad pagi doain ya rencana banten belajar debus makan paku kawat jaga ppkm selamat aktifitas ya                     ,0,2,0.1508,0.3075,0.5416
lomba agustusan ppkm                                     ,1,2,0.2115,0.2451,0.5434
gila bulan juli hari kerja sehabis libur panjang ppkm kerasa                              ,1,2,0.3404,0.2607,0.3989
kepanjangan ppkm pak pres mundur                                   ,0,1,0.2781,0.6356,0.0863
ppkm bandara dibuka wkwk                                    ,0,1,0.1708,0.7574,0.0719
ppkm diperpanjang mencari jodoh dibatesin terus iya                                 ,0,1,0.2958,0.5291,0.175
bantu ppkm                                      ,2,1,0.1298,0.6666,0.2035
janji ketegasan ancaman untuk menindak melanggar ppkm diuji ancaman menindak melanggar melanggar dilakukan berhenti ancaman tindakan                        ,1,0,0.9437,0.0419,0.0144
 ppkm level levelan menyerang mi my body                                ,1,0,0.9517,0.0355,0.0129
ppkm mudah an terkontrol                                    ,2,1,0.0096,0.9837,0.0067
pesta ulang tahun  ditengah ppkm nih                                 ,0,1,0.2881,0.3964,0.3155
lanjut ppkm eh yakali  menit                                  ,1,0,0.6634,0.2525,0.0841
dine  langganan tolong abangnya gak mau buka ppkm                               ,0,1,0.1677,0.7662,0.066
gara ppkm terjebak membandingkan sih miskin kayak situ enak laper lupa allah arrazaaq maha pemberi rizki luas orang berbagi berempati ibadah lupakan esensinya                 ,1,0,0.9797,0.0146,0.0057
enak menyalahkan rakyat terus ikuti prokes ikut aturan ppkm bansos masalah                             ,0,2,0.3276,0.1477,0.5247
ppkm pengen cari kerja                                    ,1,0,0.5517,0.3013,0.147
jalan menuju rsia ditutup rsia nya persis taman selamat jadi jalan masuk ppkm darurat lewat jalan jadi ramai                      ,1,0,0.6304,0.2322,0.1374
terkenal mengadakan acara ulang tahun ditengah ppkm                                 ,1,2,0.1711,0.1889,0.64
bicara embel   makan hidup usul ppkm  papa     kenyang                         ,0,1,0.1386,0.8262,0.0352
berarti orang berhak liburan iya terus guna ppkm sih                               ,0,1,0.4017,0.4983,0.1
ppkm pelan pelan mat                                    ,0,1,0.0796,0.8676,0.0528
 hbd semoga panjang umur sehat sukses   soalnya ppkm                             ,1,2,0.0268,0.229,0.7441
 kebijakan pelaksanaan penanggulangan pandemi   dilihat faktor penyebab  upaya masyarakat lockdown total psbb ppkm pertimbangan sosial ekonomi kekuatan daerah beda                 ,1,0,0.9134,0.0571,0.0294
ppkm jadi gerak jalan online pak ketua dewan                                ,1,0,0.442,0.429,0.129
ppkm level tidak punya pekerjaan level siap ndan                                ,0,2,0.1626,0.3841,0.4533
progres penyaluran bantuan desa prosentase tertinggi kota batu untuk desa tersalur bantuan desa desa alokasi dana desa untuk ppkm mikro untuk penanganan covid                 ,2,1,0.0451,0.8689,0.086
ppkm memaksaku                                      ,0,1,0.2149,0.6525,0.1327
awas kena pol pulang pergi pak ppkm eh  ppkm                              ,1,0,0.7998,0.1309,0.0692
arti nya kebijakan ppkm dalurat membuka pintu untuk penjajah masuk negara                             ,0,1,0.1779,0.6956,0.1265
penyekatan ppkm darurat lamongan diperluas diterapkan seputaran alun alun diperluas ruas jalan                            ,1,0,0.7133,0.1909,0.0958
demo ppkm                                      ,1,0,0.4069,0.4533,0.1398
ppkm selesai pengin pulang semarang huhu rindu banget tahun pulang                              ,1,0,0.5168,0.3677,0.1156
pertanyaan sebutkan pasal pasal sanksi pelanggar ppkm darurat jawab kitab undang undang hukum pidana kuhp pasal                        ,1,0,0.5469,0.309,0.1441
ternyata ya alasan doi menghilang pemerintah berlakukan ppkm perhatian menghilang                              ,1,0,0.6895,0.1989,0.1116
perlu diadakan ppkm kak grebek vaksin                                  ,1,0,0.7304,0.1753,0.0944
untungnya kemarin pak pol borong dagangan mbak jualan langsung pulang pas jam ppkm                           ,2,1,0.1537,0.7244,0.1219
ppkm meresahkan salat sip sip an                                  ,0,1,0.0174,0.9744,0.0082
menjerumuskan umat islam ppkm dilanggar umat tertular covid diharapkan                               ,0,2,0.3231,0.1335,0.5434
keluar minggu seblum ppkm ppkm rumah full sekalinya keluar jemput naik mobil jadi  iya orang rumah enggak pernah  enggak pernah kondangan enggak pernah naik kendaraan umum itupun kosong banget         ,1,0,0.7325,0.1627,0.1049
ppkm ngefek nya hubungan renggang                                   ,1,0,0.9173,0.0606,0.0221
pelan pelan kumpul  dimasa ppkm                                  ,2,0,0.7634,0.1563,0.0803
terkendali memberlakukan ppkm darurat                                    ,0,1,0.2388,0.5758,0.1854
uniknya waktu pagi sore kurang terasa pengetatan kegiatan masyarakat terlihat masyarakat bebas bersosialisasi alun masker pasar tradisional kemruyuk ppkm kota penting jam atas gelap gulita iya              ,0,1,0.2081,0.5959,0.1959
ppkm terus perpanjang                                     ,1,0,0.3068,0.5396,0.1536
hari kedua ketiga hari diliburkan ppkm                                  ,1,0,0.8322,0.1201,0.0477
pilih corona ppkm tahun iya                                   ,0,1,0.3669,0.411,0.2221
polisi indonesia berani mbubarin kerumunan katanya ppkm darurat italia vs spanyol penalti                            ,0,1,0.3887,0.5113,0.1
pak usul program vaksinasi dibuatkan  kepala daerah setingkat walikota coba bapak lihat area persen warga vaksin kedepannya ppkm mikro  area kasus penularan vaksin               ,2,1,0.0452,0.8828,0.0719
siap  ppkm tahun                                    ,0,2,0.0755,0.1468,0.7777
ketat banget kayak ppkm                                    ,1,2,0.1717,0.1982,0.6301
yuk ppkm udahan diriku butuh udara sejuk                                 ,1,2,0.0333,0.2071,0.7596
pertumbuhan  makro pokoknya aktivitas ekonomi dihitung kuartal psbb dibilang kegiatan ekonomi tutup vs kuartal ppkm iya kelihatannya tinggi plus faktor negara pulih mulai buka  impor             ,1,0,0.9863,0.0097,0.004
umkm ppkm pendapatan macet total adakah kebijaksanaan bri penundaan hutang                              ,0,2,0.3373,0.2645,0.3982
psbb psbb transisi ppkm ppkm mikro ppkm darurat tinggal menunggu ppkm  ppkm special edition melahirkan istilah untuk menghindari kata lockdown                   ,0,1,0.3974,0.4517,0.1508
baru contoh baik memberikan solusi menerapkan ppkm darurat ala jokowi untuk petugas dilapangan kehabisan duit meminta tim ksp inshaallah gaji siap disumbangkan wabah kelar                ,2,0,0.9981,0.0014,0.0005
selamat pagi ppkm hari harimu                                   ,1,2,0.1165,0.1974,0.6861
berharap banget tanggal benar terakhir ppkm sue                                 ,0,1,0.3261,0.3893,0.2846
pmi jalan aceh jam hari brother sistemnya shift  ppkm bukanya kayak jam kerja orang tutup jam nan salah                     ,1,0,0.9747,0.0176,0.0076
ppkm teman mengadakan pertemuan aduh                                   ,0,1,0.2051,0.6771,0.1178
selamat ulang tahun indonesia merdeka bebas eh besok ppkm                               ,1,2,0.2903,0.2677,0.442
status perpanjangan ppkm berbagai daerah bergantung sih ikut  menurunkan kasus covid ppkm selesai                          ,1,2,0.0518,0.0663,0.8819
kira  twitter hilang knapa iya saking gak  ppkm gak                             ,1,0,0.9755,0.0177,0.0068
hidup intinya bakoh punya uang punya uang bakoh kesal kesal bakoh ppkm ppkm bakoh telan mentah kenyataan terbiasa                      ,1,0,0.9999,1e-04,0.0
benar jadi sedih banget soalnya teman berhenti kuliah ppkm terus keringanan                             ,0,2,0.1986,0.3008,0.5005
kemarin beritanya gembar gembor heboh ar juli agustus ppkm level eh nyatanya tengah malam pagi surat resminya wkwkwk hopele pemerintah terserah deh                  ,0,1,0.3824,0.4215,0.1961
dicoba seblm kena ppkm                                    ,1,0,0.8355,0.1212,0.0433
arogan oknum polisi ppkm benar menyita perhatian                                 ,1,0,0.9659,0.0269,0.0072
 waktu liburan plis ppkm terakhir perpanjang waktu terakhir liburan masuk semester                            ,0,1,0.1968,0.6707,0.1326
tetap mengadakan lomba agustus walopun ppkm                                  ,1,2,0.2207,0.3681,0.4112
nya dokter terus  bilang kena sekolah iya mohon maaf dok kerja ppkm wfh oh mengira gapapa dok data umur dok                   ,1,0,0.9164,0.0639,0.0197
dibutuhkan bansos untuk pedagang usahawan tidak punya pekerjaan terdampak  psbb ppkm keluar tambahan tunjangan utuk pns tni polri punya gaji tetap rutin dibutuhkan dana untuk alkes amp penunjang kesehatan keluar dana pengadaan laptop      ,0,2,0.702,0.0335,0.2645
disuruh keluar rumah jelas ppkm punya surat vaksin pcr                               ,1,0,0.74,0.1856,0.0744
ppkm is maksud plis kopitnya mati                                  ,2,0,0.9297,0.0385,0.0317
selamat pagi orang orang menunggu hasil ppkm                                 ,1,2,0.1565,0.209,0.6345
ppkm baru semalem tidur normal                                   ,1,0,0.4556,0.3781,0.1663
tiba berenang public  kayaknya buka ppkm                                 ,0,1,0.0487,0.9301,0.0212
sarapan  kuat  ppkm                                   ,1,2,0.0365,0.1006,0.8629
positive thinking ppkm lockdown setelahnya ekonomi ri meroket                                ,2,0,0.4778,0.3547,0.1675
ppkm lanjut covid mengancam lengah                                   ,1,2,0.0894,0.1649,0.7456
ppkm                                       ,0,1,0.2063,0.6576,0.1361
warung warung sekongkol buka apaya perasaan hari senin  ppkm berpengaruh jam buka warung                          ,1,0,0.6033,0.2556,0.1411
ppkm brother kemarin kawan ku setuju tidak usah datang mengurangi kerumunan orang                            ,1,2,0.2276,0.3363,0.436
ppkm diperpanjang lanjutkan                                     ,1,0,0.5625,0.3412,0.0964
iya ppkm gara kasusnya naik naik terus semoga level ppkm kayak                             ,1,2,0.253,0.2804,0.4665
baca tulisan ppkm ingat psbb dengar kata psb ingat bansos dikorpsi                             ,0,1,0.1057,0.8097,0.0846
selamat pagi libur ppkm level dirumah beraktifitas keluar teman teman nikmati  kopi plus                          ,1,2,0.0469,0.066,0.8871
tahu ppkm menemukan pink nya susah penyekatan                                 ,0,1,0.3716,0.4928,0.1356
pagi ppkm harapan senin semoga pekerjaan seminggu lancar                                ,1,2,0.0216,0.0317,0.9467
wfh wfo gara gara ppkm dikantor orang jadi sepi banget tidur lantai tempat acara meeting besarnya kantor jam tidur disitu kebangun jam atasan panik mencari dikira kabur tidur sofa empuk          ,1,0,0.5316,0.3321,0.1363
susah mendapati mengikuti strategi pemerintah deh strategi ppkm pelan pelan kudekati mamahnya                            ,1,0,0.5425,0.2427,0.2147
bangun now watching diajak  ppkm jadi deh                                ,1,0,0.7754,0.1355,0.0891
benar ppkm investor  hati ambil keputusan mengambil strategi pas                              ,1,2,0.0915,0.2101,0.6985
ppkm darurat pemprov pemerintah daerah hadir keramaian turun signifikan namanya                              ,0,2,0.0667,0.1019,0.8314
ppkm cepat selesai kangen main teman                                  ,0,1,0.1874,0.7254,0.0872
pahitnya kopiku sepahit mendengar kabar ppkm diperpanjang                                 ,0,1,0.3955,0.3958,0.2087
 laper pas shift malam ppkm tutup                                 ,0,1,0.3213,0.5356,0.1431
pemerintah subsidi upah sebesar rp bulan diberikan bulan dapatkan satu kali pencarian rp juta ditangan tinggal wilayah ppkm level mendapatkan subsidi upah sebesar rp                ,0,2,0.0071,0.0147,0.9782
hari mulai namanya ppkm darurat bkt yauda terserah                                ,0,1,0.2792,0.6164,0.1045
berharap aturan ppkm longgar dibanding mengingat menanti hari berakhir ppkm memulai  jeda pemerintah tinggal diam tetap menyalurkan bantuan untuk masyarakat terdampak                  ,1,2,0.1391,0.1058,0.7551
tahun baru  sepatutnya  pandemi risau kelanjutan ppkm mustinya  kaget ppkm diperpanjang     ppkm tiada ciri    sirna               ,2,0,0.9077,0.0595,0.0328
wkwkw muak ppkm                                     ,0,1,0.0838,0.882,0.0342
dirasa istilah ppkm super darurat setelahnya ppkm super duper darurat kasus meningkat diberlakukan ppkm darurat pemilihan istilahnya kedepan sulit                     ,1,0,0.9983,0.0013,0.0004
me before ppkm supply barang  toko  punya  me during ppkm tidor seharian ngerjain orderan  syukur  bye                   ,1,0,0.967,0.0208,0.0122
tutup ppkm                                      ,1,0,0.4293,0.4047,0.166
duta ppkm                                      ,1,0,0.8289,0.1198,0.0514
ppkm uncle                                      ,1,2,0.2811,0.3217,0.3972
enak beli toko oflen aslii ppkm                                  ,1,0,0.6641,0.1522,0.1837
pengusaha tempat usaha nekat melanggar ketentuan ppkm darurat sanksi  izin usaha  jadi darurat ya                        ,1,0,0.5282,0.2437,0.2281
ppkm pembatasan pelarangan jadi lelucon planga plongo mikir                                ,0,1,0.3341,0.5429,0.123
wisata  taat ppkm                                    ,2,0,0.4124,0.2949,0.2927
mah jauh terus ppkm                                    ,0,1,0.3579,0.4538,0.1883
hmm idul adha kemana ppkm sedang apa iya hari ceilah                              ,0,1,0.3143,0.538,0.1477
ppkm memberi kesempatan menonton serial sinema elektronik ikatan cinta                               ,2,1,0.0678,0.8744,0.0578
gubernur khofifah  pihaknya melakukan sejumlah roda perekonomian masyarakat tetap berjalan  menerapkan ppkm darurat level                        ,2,1,0.2175,0.3425,0.44
situasi ppkm dijamin                                     ,0,1,0.1628,0.6902,0.147
ppkm mas longgar menginap kosan                                   ,1,0,0.8205,0.129,0.0505
ppkm ra  kamar  wkwk                                  ,1,0,0.3625,0.4728,0.1647
ppkm je jaga jarak ramai                                   ,2,1,0.1172,0.7797,0.1031
masuk oflen mya diundur habis ppkm hariini tetap onlen                               ,1,0,0.4854,0.378,0.1366
tahu mikir peraturan ppkm darurat berlaku jepara pamflet brosur daftar kota jepara tertera disitu terus bilang iya tetap berlaku jeparany diakuin kota                  ,1,0,0.7656,0.1564,0.078
efektif iya ppkm berasa udah tanggal                                  ,2,0,0.4466,0.3991,0.1543
patah hati anak orang tua sakit nengokin jauh ppkm semoga  cepat sembuh iya allah terpikirkan terus                       ,0,1,0.1666,0.3618,0.4716
kecewa bapak memperpanjang ppkm                                    ,0,1,0.1735,0.75,0.0765
daerahku ppkm jadi puasanya mulai kemarin sih hari dua sisa                              ,0,1,0.2449,0.5626,0.1926
beliau memberikan peringatan perusahaan non esensial meminta karyawan merekam video handphone bentuk arahan mematuhi aturan kebijakan ppkm darurat                      ,2,0,0.4122,0.1985,0.3892
taichan taichan ppkm diperpanjang terus semoga  berjuang melawan                               ,1,2,0.0787,0.1355,0.7858
rencana ppkm kemenkeu minggu dijalanin dicicil seminggu seminggu irit bansos yakan                             ,0,1,0.3549,0.4189,0.2263
jog beli dried flower tokonya buka pas ppkm dimana iya                              ,1,0,0.9444,0.0403,0.0153
pagi perlu dipikirkan pokoknya ppkm berakhir semoga kuat akhir                               ,2,0,0.3904,0.3268,0.2828
nyewa lapangan yuk habis ppkm main badminton                                 ,1,2,0.0915,0.4529,0.4557
beda menit durasi waktu makan warung ppkm level disampaikan pak menko marinves pak luhut jadi kucing pilih menit iya ibu susi                   ,1,0,0.9087,0.0632,0.0282
ppkm raya kemarin kontrol banget bb lihat timbangan tidak mau ogahan ih                            ,0,1,0.2548,0.6412,0.1039
ppkm sistem kerja shift an masuk jam kecuali sabtu nongkrong  loker                            ,1,0,0.9698,0.0228,0.0074
banget mencoba jiwa  tahu  ppkm citraland buka enggak sih buka jam                           ,0,1,0.271,0.5642,0.1648
ppkm pempek kuah model                                    ,1,0,0.6517,0.2452,0.103
sahabat ppkm menutup rejekimu sebagian pintu darat pintu langit dibuka dzat pemberi rizki lupa angkat kedua telapak tanganmu setinggi tingginya                    ,2,1,0.2215,0.5316,0.247
masa ppkm bantuan iya saudara laki laki sis bansos maaf penasaran tv berita dengar benar                         ,1,0,0.8591,0.0904,0.0505
disuruh ppkm hokage                                     ,1,0,0.4453,0.3316,0.2231
ppkm menyebabkan wanita jadi setia pasangannya iya senang tititnya tertawa guling guling                            ,1,0,0.9514,0.0348,0.0138
ingat banget kemarin pas nikahan om serba dadakan ppkm drama ikut klaten ikut bingung memakai    thankyou sok  kakak membolehkan   menang              ,1,0,0.9511,0.0362,0.0128
siap siap alesannya ppkm                                    ,1,2,0.0252,0.0739,0.9009
 batang serahkan bantuan warga kurang terdampak menjadi seseorang ppkm                              ,2,0,0.5576,0.2096,0.2328
sabar lihat ppkm darurat daan mogot hari senen                                ,1,0,0.8393,0.0938,0.067
 bertemu amin ppkm perpanjang                                   ,0,1,0.2845,0.4091,0.3063
woi ppkm cok liburan                                    ,0,1,0.1437,0.8033,0.053
waktunya liburan ppkm                                     ,0,1,0.1712,0.7319,0.0969
mas anang galau bebs ppkm diperpanjang panjang lebar tinggi nam rebu ketemu beratnya bebs                          ,1,0,0.6775,0.2389,0.0835
 mah mengingatkan terus udah tahu ppkm                                 ,1,2,0.2909,0.3019,0.4072
ah takut bayar  ppkm bayar eh ketawa barengan mainnya ajak menonton deh                           ,1,0,0.9992,0.0007,1e-04
dilockdown dilockdown ppkm darurat pade  tujuan rusuh membantu ngomong ngomong kalah pilpres sakitnya terasa iya                        ,0,2,0.2365,0.2306,0.533
iya viral gara gara acara pas ppkm                                 ,1,0,0.8733,0.0881,0.0386
untuk rakyat mah prokes prokes ppkm saudara laki laki                               ,0,2,0.1182,0.1095,0.7723
masalah subsidi stimulus sektor industri  menyebabkan nekat mematuhi ppkm darurat kaum buruh menjadi korban baik secara ekonomi kesehatan                     ,1,2,0.039,0.0486,0.9124
wkwkwwk ppkm kah                                     ,1,0,0.6887,0.233,0.0783
 uang ppkm perpanjangan uang pokoknya                                  ,1,0,0.3674,0.3545,0.2782
tahu persis bgm busuknya rs tenaga kesehatan terjun keliling rs bandung jakarta masa ppkm mulai katanya icu penuh pasien covid bangsal ruang isolasi kosong terisi pemaksaan antigen sbl dikasih infus merujuk pasien rs besar      ,0,1,0.2388,0.3985,0.3627
ketemu orang hebat kemarin driver ojol yana produsen ladu beralih profesi jadi pengamen ukulele ber tanya ppkm jawabannya alhamdulillah dijalani disyukuri merinding                  ,2,1,0.245,0.6216,0.1334
an derajat alasan untuk gak keluar rumah ppkm dilarang panas banget keluar sebentar gosong                          ,1,0,0.3811,0.3605,0.2584
ppkm darut pemurtadtan umat muslim masjid sepi dengar suara adzan amp takbiran                            ,0,2,0.1133,0.1958,0.6909
yuk tetap menyerah semangat ya hari rabu sebentar weekend ppkm jadi kemana ya puncak gunung sagara                        ,0,2,0.0148,0.0278,0.9574
akibat ppkm kunjung selesai me menolak perpanjangan kontrak barcelona                               ,0,1,0.0366,0.9478,0.0156
ppkm diniatkan terjadi kematian al terurusnya korban terpapar ketakutan pengambil kebijakan jauh atas rata rata orang orang dihargai perlu curiga industrasi kapitalisasi persoalan                 ,2,0,0.9981,0.0014,0.0004
ppkm memberi kesempatan menonton serial sinema elektronik jodoh  bapak asyik sih muter muter pemahaman penulis cerita kurang pas masak bapaknya meninggal tiba hidup gara kucing hitam  mayat sih bapak aneh        ,1,0,0.9832,0.0107,0.0061
selamat ppkm menjalankan hindari kerumunan iya bismillah informasi  minggu pagi                             ,2,1,0.0927,0.8305,0.0768
kemarin teman real life ngeluh ppkm menurutku iya gamasalah sih ngeluh ppkm susah mencari jalan tidak usah bilang covid penyakit tahu rasanya merasai semoga sehat sehat iya             ,0,2,0.1085,0.081,0.8105
khawatir mbak menaikkan imun tubuh masa ppkm                                 ,2,1,0.3457,0.5033,0.151
gphm sasaran ppkm jadinya urusan lintas mencegah penularan covid interaksi manusianya ya iya interaksi kendaraan memicu penularan covid varian covid                    ,0,2,0.0308,0.0484,0.9208
ppkm penting mingkem                                     ,1,0,0.9089,0.0646,0.0265
pemerintah pusat ngasihnya baru ngasihnya pemerintah daerah jadi dibikin minggu ppkm berlalu pemerintah pusat memberikan                         ,1,0,0.9418,0.0389,0.0193
wfh kah semangat libur ppkm wkwk                                  ,1,2,0.1253,0.2799,0.5947
bapak tahu sih terjadi masyarakat menengah kebawah ppkm                                ,1,0,0.8361,0.1051,0.0588
lihat ppkm perpanjan nggak sabar menunggu singkatan pemerintah untuk  semi lockdown                            ,1,2,0.1518,0.2521,0.5961
warga terdampak ppkm merasa  penerbangan  balon hm tunggu jawabannya pesan pesan berikut                          ,1,0,0.7446,0.1706,0.0848
menghapus angka kematian indikator  ppkm level dinilai berbahaya penanganan covid dilakukan panduan benar cara menyebabkan penanganan covid mobil                     ,0,2,0.0521,0.0624,0.8855
hai kak hobi makan kurus yuk pesan kaos keren bantu banget kak toko ku sepi semenjak ppkm iya jualan onlen                    ,0,2,0.2807,0.2727,0.4466
darurat yakin ppkm darurat lonjakan pnularan dtekan atuhi prokesny                               ,2,0,0.4352,0.3859,0.1789
ppkm  pol pulang pergi                                   ,0,1,0.0735,0.8549,0.0716
tanya kebaikan ppkm perpanjang tolong mendukung ppkm termasuk kiyai jawab pertanyaan                             ,0,2,0.0605,0.2457,0.6938
uang ribu                                      ,0,1,0.241,0.5331,0.2259
yuk rakyat indonesia yuk ppkm berjilid                                  ,2,1,0.3214,0.4566,0.222
ppkm diperpanjang masyarakat  tenang imun turun                                 ,0,1,0.2887,0.4994,0.2119
pandemi cok ppkm                                     ,1,2,0.2604,0.2555,0.4841
disuruh tertib prokes kondisi ppkm kayak protes ppkm ngerokok orang salahkan ppkm coba lihat pribadi taat prokes untuk keselamatan orang                    ,0,2,0.0569,0.0309,0.9122
sayang seribu sayang marwah final hilang komentatornya dimasa ppkm darurat hiburan tv dibutuhkan betah                          ,0,2,0.0595,0.1675,0.773
baca isi berita sih membicarakan soal wisatawan bicara soal aturan orang luar daerah masuk jogja mesti sehat nunjukin bukti vaksin sbgmn aturan ppkm darurat brlaku  obyek wisata daerah istimewa yogyakarta kemarin ditutup       ,1,0,0.9528,0.0313,0.0159
orang tua cewek kayak ppkm bos suruh jaga jarak anaknya                              ,1,2,0.3106,0.3233,0.3661
memikirkan besar terjadi melupakan terjadi hidup contoh bernafas berlari makan  ppkm diperpanjang                           ,1,0,0.9999,1e-04,0.0
iya ampun percaya yakali pak jokowi  urusan level ppkm nyuruh stream                            ,1,0,0.9416,0.0385,0.0199
boros iya ppkm kemana nge gopud baru boros banget iya wkwkwkk                             ,0,1,0.2964,0.5063,0.1974
kocak iya hiburan masa ppkm                                   ,0,2,0.0804,0.1117,0.8079
sebentar hut kemerdekaan ri merdeka ppkm                                  ,0,1,0.121,0.8068,0.0722
juta pekerja buruh menerima subsidi upah pemerintah bantuan subsidi upah rp juta untuk buruh pekerja ppkm berlangsung yes dapur tetap ngebul                   ,0,2,0.0043,0.0086,0.9871
baju ppkm                                      ,1,0,0.4003,0.3631,0.2366
bicara uu pasal karantina uu nya psbb ppkm uu nya                              ,1,0,0.7345,0.2443,0.0212
ppkm perpanjang terus hilang rasa kangennya                                  ,0,1,0.1215,0.6663,0.2121
psbb  ppkm reborn tidak tahu menjelang kali                                ,0,1,0.156,0.761,0.083
kerasa hari ppkm selesai ppkm ganti biologi                                 ,2,1,0.1963,0.7206,0.083
scroll tiktok isinya jogya  jogya diam sebentar gaksih ppkm   kopit wkwkwkkw                          ,0,1,0.194,0.5731,0.2329
sehari enggak tau ppkm                                    ,1,0,0.8365,0.1208,0.0428
ar ppkm level level kepedisan mi                                  ,0,1,0.0871,0.8153,0.0975
ppkm pak pastikan keadaan masyarakat pak pastikan makan sulit untuk bertahan pemberlakuan pembatasan kegiatan masyarakat                         ,0,2,0.2191,0.2972,0.4837
juli jawa bali ppkm tidak bisa brother jdinya                                ,0,1,0.1791,0.7222,0.0987
komisaris utama telkomsel wisnutama memastikan jaringan wifi rumah bermasalah tumbang melakukan work rumah bekerja rumah putra putri tengah melaksanakan pembelajaran secara online onlen ppkm                ,2,0,0.4935,0.4125,0.094
awan menangis mendengar ppkm diperpanjang                                   ,0,1,0.4076,0.4986,0.0937
iya asli nya habis ppkm selesai berangkat jakarta disuruh menunggu  nikah                            ,1,0,0.4148,0.4105,0.1747
pengen menonton ayah okin tolong broker ngide banget ppkm diperpanjang                              ,1,0,0.712,0.1875,0.1005
dihujat menerapkan ppkm jokowi dipuji ppkm berhasil menurunkan kasus covid anis                             ,1,2,0.1157,0.1707,0.7135
ppkm proses penundaan kelulusan mahasiswa                                   ,1,0,0.9551,0.0345,0.0104
aduh sabar yuk besok ppkm terakhir moga tidak ada perpanjangan jadi hambatan                            ,2,1,0.1559,0.6805,0.1636
samperin papa nya  ppkm                                   ,1,0,0.5072,0.3742,0.1186
pagi online selamat kembali memulai aktivitas ditengah suasana hari tasyrik diperpanjang nya ppkm semangat keluar kerja makan                       ,1,2,0.1787,0.2171,0.6042
panjang keras ppkm diperpanjang                                    ,0,1,0.0953,0.8648,0.0399
setuju ppkm nongkrong                                     ,0,2,0.2843,0.1572,0.5585
ppkm mengajak ngirit mengajak boros                                   ,0,1,0.0441,0.9281,0.0279
whatsapp coba foto tempatku iya bul ku lihat tuh wkwk sayangnya ppkm huftt                           ,0,1,0.0697,0.8875,0.0428
wow keren ppkm nya berhasil                                   ,2,0,0.578,0.2756,0.1464
jadi benaran jadi sekolah ya gara gara kena ppkm                               ,1,0,0.7868,0.1246,0.0886
 ultah pas ppkm                                    ,0,1,0.2221,0.6786,0.0992
evaluasi kembali penerapan ppkm berbagai daerah mulai bergejolak dampak ppkm                              ,0,2,0.0493,0.072,0.8788
enak banget sih kumpul kebo ppkm wfh                                 ,1,0,0.763,0.1578,0.0792
ppkm iya baca al quran sajaa                                  ,1,0,0.6171,0.2634,0.1196
benar abang  beda pendapat lbp awal dukung psbb ppkm vaksin jadi pilihan                           ,1,2,0.1129,0.1532,0.7338
 zaman soeharto disalahkan ppkm darurat minggu quote                                ,0,1,0.0012,0.9982,0.0006
ppkm kapasitas testing naik kali lipat standar who dikejar semaksimal kontak  pasien positif                          ,2,0,0.6136,0.1566,0.2299
 diubah mudah tinggal kasih istilah psbb ppkm dan lain lain                             ,1,0,0.9175,0.0598,0.0227
smlm mimpinya cantik sedih banget gara gara ppkm kga kemana eh jadi mimpi jalan hari klinik tiba disuruh kejawa hutan sawah seru deh eh tiba makam almarhum mbah kakung trnyt kangen ziarah jawa tahun makam maaf mbah   ,1,0,0.9905,0.0069,0.0026
alhamdulillah selesai wisuda nay ppkm                                   ,2,1,0.1036,0.7256,0.1709
 gereja jam setengah beres nya  jam an onlen gara ppkm  kurang tahu sih                        ,1,0,0.4987,0.3874,0.1139
menghadapi pandemi satu komando awal pemerintah serius menyiasati amp  satgas covid wisma atlet pengadaan vaksin ppkm darurat menjadi produk keseriusan pemerintah menghadapi pandemi percaya presiden              ,2,0,0.6479,0.0843,0.2677
kemarin makan  cafe  jujur rekomen banget makanannya enak minuman enak tempatnya sedihnya peraturan ppkm  melepuh mesti cepat   panas banget mestinya pilih              ,1,0,0.8636,0.0868,0.0497
menyelenggarakan mtq ppkm                                     ,1,0,0.5187,0.357,0.1243
aturan mengenai ppkm daerah tertuang instruksi menteri negeri inmendagri nomor tahun loh                            ,1,2,0.2403,0.3049,0.4548
psbb tahun kayaknya masig enjoy main tiktok ngaduk dalgona ppkm gila udah bersyukur banget                          ,0,1,0.2122,0.4747,0.3131
yun katanya orang terdidik ternyata kurang baca aturan ppkm gubernur kewenangan pusat baca yun                          ,0,1,0.2737,0.5387,0.1877
istirahat ppkm cukup iya nemunya istirahat                                  ,1,2,0.224,0.1638,0.6123
mantap ngeyel melnggar ppkm darurat                                   ,0,2,0.2797,0.2378,0.4825
pertanyaannya ppkm darurat jawa bali                                   ,0,1,0.2331,0.651,0.1159
ppkm lockdown diluar                                     ,0,1,0.2102,0.7201,0.0697
an ppkm masuk mal amp agustusan                                  ,1,0,0.9006,0.0696,0.0298
selamat  ppkm                                     ,1,2,0.1596,0.4571,0.3833
flight terus jadwal penerbangan berubah efek ppkm iya                                ,1,0,0.7349,0.1855,0.0797
oflen ppkm jadi online                                    ,1,0,0.4406,0.4174,0.142
sepi ppkm                                      ,0,2,0.3327,0.3017,0.3656
waktu terus berjalan egois memaksakan untuk membangun pondok pesantren  dana membantu saudara kesulitan dampak ppkm surat untuk  pondok pesantren selesai mengajukan   perumahan              ,2,0,0.9551,0.0212,0.0236
ppkm level pintu taubat ditutup                                   ,0,1,0.1016,0.8385,0.0599
misal awal corona indonesia langsung ppkm terus dikasih bansos kayak penting cukup makan internet untuk pelajar menurut berhasil                      ,1,0,0.8862,0.0642,0.0496
latihan jalan keliling gara ppkm ngajakin jalan                                 ,1,0,0.8437,0.1115,0.0448
comeback stream gara ppkm maaf terulang tahun                                 ,0,2,0.223,0.2116,0.5655
sabar aa ppkm disidak satgas covid                                  ,1,2,0.0245,0.0457,0.9298
gila max membantu internet ppkm                                   ,1,0,0.858,0.0969,0.0451
ppkm perpanjang susah pdkt                                    ,0,1,0.0665,0.9029,0.0306
mundur teratur iya allah semoga minggu ppkm darurat                                ,1,0,0.7558,0.1715,0.0727
ppkm ngebuat jadi sulit belanja bahan bahan jualan terbatas kemana datang hari eh tutup persyaratan jualan jadinya menurun semoga pulih                    ,0,1,0.3113,0.4257,0.2629
bosan ppkm keluar meng nya                                   ,0,1,0.3313,0.5376,0.1311
sabar kak  situ menjalani ppkm diperpanjang                                 ,1,2,0.147,0.3486,0.5044
atas pemberlakuan ppkm darurat dki melakukan pengawasan lapangan walkot lurah melihat ketaatan kesiapan warga masalah membantu warga kesulitan meminimal kerumunan dipasar tradisional                  ,0,2,0.1149,0.1477,0.7374
ppkm diperpanjang monsta self mv                                   ,1,0,0.5152,0.3908,0.0941
indonesia ppkm sebulan iya aman hitungan darimana masker  ledakan kasus minggu                            ,0,2,0.1712,0.1261,0.7027
insyallah keluar tahanan dagangannya laku keras namanya ganti jadi asep ppkm                             ,1,0,0.9936,0.005,0.0014
ppkm pusing pusing kucing menghilang                                   ,1,0,0.9937,0.0055,0.0008
kle ppkm dagang buah murah dimana iya ton                                ,1,0,0.9617,0.0322,0.0061
ppkm diperpanjang keluh kesah                                    ,1,0,0.8326,0.1172,0.0502
pengen jalan jalan deh ppkm                                   ,1,0,0.5084,0.3349,0.1567
ppkm diprotes lockdown hadew                                    ,0,1,0.3505,0.5428,0.1067
sayangnya pendapat pribadi pendapat lembaga pendapat lembaga pak wapres memberikan masukan untuk pengaturan ppkm darurat loh                        ,1,0,0.5937,0.2399,0.1664
anies marah sayang salah kantor didatangi kantor asuransi dimana perusaan perusahaan esensial tetap buka ppkm sesuai instruksi mendagri no tahun                    ,0,1,0.2833,0.6128,0.1039
daerah diterapkan ppkm level untuk menyelenggarakan pembelajaran tatap muka                               ,0,1,0.0239,0.9585,0.0176
 dipenjara ppkm terus diperpanjang                                   ,1,0,0.5906,0.2921,0.1172
ditutup kak  ppkm                                    ,0,1,0.2316,0.6298,0.1386
polusi udara jakarta tinggi iya ppkm perpanjang terus                                ,0,1,0.1047,0.4864,0.4089
ppkm tampak menunjukkan hasil                                    ,2,1,0.2933,0.5293,0.1774
tempat ku udah oflen ppkm gereja ku ketat banget  jadi gaboleh gereja misal tetangga kena covid gaboleh gereja dua minggu                   ,1,0,0.5063,0.2731,0.2206
blt bansos program ppkm dialihkan untuk pkl untuk subsidi gaji                              ,1,0,0.7923,0.131,0.0768
bismillah nemenin ppkm bosan wish me luck                                 ,2,1,0.0213,0.9686,0.0101
sehubungan pelonggaran ppkm mall mengusulkan untuk buka sentra vaksinasi al warga nkri berlaku domisili test pcr antigen test strategi untuk  nkri herd  vaksinasinya dan kawan kawan            ,2,0,0.5849,0.2909,0.1242
hayu main  beres ppkm                                   ,1,0,0.5165,0.3581,0.1254
 pemerintah daerah  baik terdampak ppkm darurat  ppkm darurat berlangsung baik kalo  masyarakat sadar enggan keluar kalo tinggal rumah tetap masyarakat  bawah terdampak             ,1,2,0.0301,0.0352,0.9347
malam minggu ppkm wig ketiduran jam bangun jam pagi perut sakit buang air besar makan then both bruh                      ,1,0,0.7825,0.15,0.0675
alasannya sih pcr diwajibin dipesawat doang antigen taiklah ppkm                               ,0,1,0.303,0.5752,0.1218
tidak kuat bun ppkm selesai                                   ,0,1,0.3411,0.3725,0.2864
ppkm pelan pelan menghilang                                    ,0,1,0.0177,0.9673,0.015
ppkm kebijakan asal asalan dibuat berdasar masukan pihak                                ,2,0,0.9635,0.0286,0.0078
trgantung kadang diperpanjang kayak ppkm kadang iya oke oh                               ,1,0,0.7578,0.1561,0.0861
udah ppkm hari keberapa sih lupa  dirumah                                ,2,0,0.3154,0.3776,0.307
penting ppkm tahun pak                                    ,0,1,0.3085,0.4724,0.2191
juru bicara covid riau sebut ppkm level mempersulit tujuannya untuk keselamatan  berpikir berbuat                          ,1,2,0.1496,0.3329,0.5175
sumpah ppkm rata jam segini bangun tidak tahu habis menonton main permainan tidak bisa tidur senang banget hari jam segini bangun  tryout  tertawa               ,2,0,0.6314,0.2737,0.0949
ppkm  pemuda kembali menganggur                                   ,0,1,0.0806,0.8397,0.0797
biaya tanggung  ppkm perhari minimal triliun perhari  minggu                              ,0,2,0.1445,0.2462,0.6093
 ppkm  kontrol                                    ,0,1,0.2868,0.5638,0.1494
psbb ppkm lockdown cocok diterapkan indonesia melihat karakteristik masyarakatnya wilayah nya luas                            ,0,1,0.1524,0.6251,0.2225
ppkm darurat berlaku untuk provinsi jawa bali pemerintah tetap menyalurkan bansos tunai provinsi untuk warganya kurang                        ,2,0,0.3704,0.2768,0.3528
idul adha versi ppkm xixi alhamdulillah                                  ,2,1,0.0215,0.9352,0.0433
waktunya kerja ppkm selsai dirumah angka naik terus                                ,0,1,0.2885,0.4519,0.2596
 usah peduli ppkm                                    ,0,1,0.2717,0.458,0.2703
india lockdown minggu kasus turun  kemarin indonesia ppkm                               ,0,1,0.3551,0.4723,0.1726
ppkm kah ber operasional untuk perpanjangan pajak tahunan                                ,1,0,0.5625,0.3477,0.0898
ppkm berat naik jadi kg serasa kelas lightweight ufc bismillah mukul mcgregor                            ,1,0,0.8884,0.0813,0.0302
pak ppkm mohon dipertimbangkan terkait transportasi untuk kerja luar kota kereta lokal ditutup penumpang lari bis bis ekonomi umum prokes kurang menurut armada jalan                ,1,0,0.9181,0.0471,0.0348
pagi pagi overthinking ppkm bakal diperpanjang                                  ,0,1,0.2416,0.6692,0.0892
ppkm ketat ndan                                     ,1,2,0.124,0.4009,0.4752
kayaknya bebas tanya ppkm larangan untuk orang nongkrong  jam                              ,0,1,0.2786,0.5544,0.167
 gasemua tahu kakak perempuan enak sih bosan banget udah libur  bulan terus  ppkm                        ,0,1,0.3566,0.3631,0.2803
ppkm tidak bisa peluk pelukan                                   ,0,1,0.0238,0.9643,0.012
soalnya ppkm terus  nya udah jarang kna polusi                               ,1,0,0.4729,0.2777,0.2494
tidak apa apa terusin ppkm kreatif                                  ,2,1,0.1155,0.7905,0.094
yaampun senin udah selesai ppkm iya                                  ,1,0,0.4281,0.4077,0.1642
  ppkm berangkat kepentingan pribadi orang abang                                ,1,0,0.4179,0.3824,0.1997
ppkm darurat ngefek                                     ,0,1,0.4137,0.4705,0.1158
permisi tanya misal handphone  deh penuh deh tidak ada dihapus laptop dukung deh tua suka  tidak bisa minjem handphone orang tua deh  ppkm tidak bisa minjem  teman terus tetap gaboleh meminta tolong teman berarti  ,1,0,0.9086,0.0405,0.0509
 aturan ppkm  tetap lonjakan virus varian ganti aturan tingkatkan imun iman rumah ibadah penutupan virus varian berkelanjutan                     ,0,2,0.2049,0.1271,0.668
dewasa  kalimat ppkm diperpanjang                                   ,1,0,0.4934,0.3915,0.1151
sekian jokes akronim ppkm nyata                                   ,1,0,0.8385,0.12,0.0414
an menyebalkan waktu ppkm tengilnya pas demo sih anak an nikah sibuk urus keluarga                          ,1,0,0.7611,0.1772,0.0616
peristiwa terjadi kemarin atlet indonesia meraih emas   presiden  ppkm diperpanjang satu sisi terus berjuang bertahan hidup ditengah kondisi sulit                  ,1,0,0.8866,0.0618,0.0516
teman cikampek vaksin ktp dki dki susah ppkm darurat                               ,0,1,0.3722,0.4933,0.1346
teman nekat iya nikah pas ppkm akad doang iya tidak apa apa resepsinya undang takut banget datengnya anjay                      ,0,1,0.3586,0.4763,0.1651
kegiatan ppkm kerja kerja kerja swab muter terus kelar kelar                              ,1,0,0.7442,0.1692,0.0866
menyesal baru  pas anak umur setahun keatas ppkm jarang vaksin drive thru  pihak rs sekalinya jauh                      ,0,1,0.0712,0.8794,0.0494
ppkm mencoba waras                                     ,1,0,0.8109,0.1323,0.0568
ppkm kelar                                      ,0,1,0.2487,0.6583,0.0929
iya coba deh etapi ppkm enggak tau mr daerah istimewa yogyakarta buka                            ,1,0,0.4139,0.3957,0.1905
semenjak sicepat jnt jadi iya efek ppkm iya                                ,1,0,0.8858,0.0823,0.0318
faktor ppkm                                      ,1,0,0.5279,0.3223,0.1498
guis ppkm warung kopi buka ya pengen banget makan burketem                              ,1,0,0.7118,0.1885,0.0996
 ppkm                                      ,0,1,0.2063,0.6576,0.1361
masalahnya kuartal ppkm banget yakin bakal sebagus kuartal iya semoga sektor jadi                            ,1,0,0.942,0.043,0.015
  ppkm level bertambah episode terus tukang haji naik bubur                             ,0,1,0.2397,0.6036,0.1568
ppkm lebih baik drmh                                    ,1,2,0.0993,0.2497,0.6511
negara luar melakukan ppkm wni                                   ,1,2,0.4036,0.1653,0.431
ppkm diperpanjang isi otaknya                                    ,0,1,0.3696,0.5286,0.1018
ppkm level  diisi film level aneh                                 ,1,0,0.4758,0.2598,0.2644
 rumah main ppkm                                    ,0,1,0.2693,0.5764,0.1543
selamat pagi ppkm gumoh                                    ,0,1,0.1907,0.5861,0.2232
awali weekend ppkm                                     ,1,0,0.403,0.2553,0.3417
ppkm ngopi teras                                     ,1,0,0.6786,0.2297,0.0917
jadi menjerit ppkm terus faktor  lockdown                                 ,1,0,0.9939,0.0051,0.001
ppkm mall                                      ,0,1,0.0658,0.8918,0.0424
mengerti biarkan satgas covid jadi tegas soroti terjadi iya antisipasi turunkan ppkm levelnya baru kegiatan longgarkan  pelaku usaha                     ,0,2,0.045,0.056,0.8991
 iseng abang bawa mobil pagi buta keluar pas ppkm                              ,1,0,0.5156,0.3747,0.1097
khofifah berpesan masyarakat memiliki kepentingan untuk senantiasa rumah ppkm darurat                              ,1,2,0.0265,0.0529,0.9206
 orang gak mengerti agama cobaan ngeluh depresi stre  maki sebagai berikut kurangnya sifat tawakal berserah kurangnya  khawatir makan ppkm lupa mengatur rezeki sang              ,2,0,0.9957,0.0033,0.0009
bansos ppkm                                      ,1,2,0.1675,0.2868,0.5458
me   ppkm jawa bali                                  ,0,1,0.1013,0.8258,0.0729
ppkm                                       ,0,1,0.2063,0.6576,0.1361
ppkm                                       ,0,1,0.2063,0.6576,0.1361
ppkm naik ojol sih                                    ,1,0,0.4684,0.4179,0.1138
ppkm putar puter ketolak melulu hadapi bapak sakit mencari rs akhir nya apak meninggal perjalanan semoga bijak rs menangani pasien sdng kritis sekedar menolak tangani               ,0,2,0.0953,0.1199,0.7848
gara corona ppkm merasa  introve                                  ,1,0,0.9045,0.0671,0.0284
update hari senin pertama ppkm darurat busway sepi                                ,1,2,0.2216,0.2418,0.5367
bisanya ppkm berkunjung rumah haters  polisi aneh                                ,0,1,0.4053,0.447,0.1477
saran hero pusreg ppkm ml dota                                  ,1,0,0.7929,0.128,0.0791
sedang apa iya hari kataku diriku ppkm                                 ,1,0,0.7993,0.1414,0.0594
 mengira ppkm ternyata status                                   ,1,0,0.5503,0.3075,0.1422
selamat pagi sahabat selamat aktifitas ppkm bernafas bebas dipinggir sungai                              ,1,2,0.3085,0.3145,0.377
ppkm jadi dokter ekonom dadakan                                   ,1,0,0.8837,0.0837,0.0326
gara gara ppkm sibuk                                    ,1,0,0.5807,0.3081,0.1112
rencana main ee ppkm                                    ,0,1,0.3074,0.559,0.1336
loh bukanya ppkm  tanggal agustus pak  terus gimana  nya untuk luar dki                         ,0,1,0.5237,0.3497,0.1266
baru kali belanja onlen dikirimnya  aduh ppkm                                ,0,1,0.026,0.9609,0.0131
plis tiba tiba menangis kangen almarhum  huaa makam ppkm plis                             ,0,1,0.1305,0.8046,0.0648
menunggu ppkm selesai banget kesini                                   ,1,0,0.5594,0.2922,0.1484
bertemakan mental kuat ppkm darurat                                   ,1,0,0.5363,0.1786,0.2851
ppkm nikmat                                      ,2,0,0.5794,0.3134,0.1071
efek ppkm pandemi iya disana ramai pusat seni                                ,1,0,0.6262,0.2999,0.0739
pemerintah getol ppkm rakyatnya getol cari makan sehari hari                               ,1,0,0.9747,0.0183,0.007
sarapan bong sarapan gih pura pura bahagia perih kayak perut kena ppkm                            ,0,1,0.3106,0.3967,0.2927
wal taman  masuknya bayar kah buka musim ppkm  taman nya                            ,1,0,0.6787,0.2378,0.0835
besok bakal diskon an iya ppkm  memakai lambang win                              ,1,0,0.5527,0.322,0.1253
 menjaga jarak ppkm wkwkwk                                   ,0,1,0.1096,0.7758,0.1146
endut gampang naik susah turun kayak mengharap mengharap taunya ppkm pergi pagi kembali                           ,1,0,0.6254,0.242,0.1326
acara nikahan  kak maaf iya gak diundang ppkm                               ,1,0,0.842,0.1067,0.0513
main iseng gara gara ppkm meminta maaf mahfud                                ,1,0,0.7832,0.1588,0.058
kang kakak perempuan ppkm jadi gak beroperasi odong pakai gojek gerbang atas                            ,0,1,0.2365,0.6949,0.0686
politisi hitam biarpun putih kulitnya gemuk badannya amp biru bajunya jelas negarawan covid pandemi ppkm vaksinasi prokes solusi menghasut untuk menurunkan sih pembuat kebijakan pandemi diatasi politisasi             ,2,0,0.6887,0.0888,0.2225
langkah maju ppkm                                     ,0,2,0.0049,0.0095,0.9856
seumpama menang kira prabowo  dihadapkan pandemi sigap  fokus iya lamban ppkm berjilid minggu perpanjangan                        ,0,2,0.3518,0.2844,0.3639
bisanya eropa dibilang berdamai covid disana ikhtiarnya tinggi prokes terus angka vaksinasinya terbebas lockdown psbb ppkm                        ,2,0,0.7047,0.1826,0.1127
orang benar kayak orang baru kayak pamer nyumbang total kekayaan ppkm bakal berasa dampaknya rakyat menengah bawah bulan ppkm masalah asal taat aturan semoga bermanfaat               ,2,0,0.8113,0.1054,0.0834
papa sih kasus masa ppkm diberhentiin                                  ,2,1,0.0725,0.8758,0.0517
warung kopi setan kredit masa ppkm                                  ,1,0,0.8961,0.0738,0.0301
ppkm diperpanjang redaksi  comeback                                   ,1,0,0.8065,0.1359,0.0576
nongkrong taman  kena imbas ppkm banci                                 ,1,0,0.9916,0.0069,0.0015
mengira soal panjang memanjang ppkm                                   ,1,0,0.7735,0.1631,0.0635
halo ppkm jadinya iya diperpanjang ketinggalan berita kemarin seharian                               ,1,0,0.6759,0.2681,0.0559
ppkm wfh pagi  enaknya merem meneh inimah                                ,2,0,0.9664,0.0248,0.0089
ppkm perpanjang panjang mentok rahim                                   ,1,0,0.5316,0.3651,0.1034
amin sih diperpanjang ppkm                                    ,0,1,0.099,0.8232,0.0778
bapak ai kakak perempuan kegiatan ppkm teh katanya gaboleh kegiatan  jauh jauh mah maskernya pakai masker  untuk  pak tolong pak                 ,0,1,0.1853,0.626,0.1887
becuk lambat gara gara ppkm iya                                  ,1,0,0.4464,0.3873,0.1664
lockdown sih  ppkm sih kalo indonesia  ppkm warung makan buka makan disitu dibungkus jadi pedagang ribut sih lihat                    ,1,0,0.9763,0.0163,0.0074
ohiya pas ppkm isoman keluarga serumah positif ramai warung pasar nitip jualan nya temannya                          ,0,1,0.0398,0.9367,0.0234
 dosen dosen menekankan memberatkan mahasiswa situasi ppkm kayak panitia beri kelonggaran tugasnya diperketat                          ,1,0,0.9716,0.02,0.0084
kangen banget tinggal bogor  emak pemandangan kena ppkm                               ,1,0,0.8229,0.1161,0.061
eh tdinya ksna kemarin mbak iya gak iso naik krl ppkm diperpanjang                            ,0,1,0.0432,0.9303,0.0264
ppkm meet up bareng bareng musim covid                                 ,0,1,0.0552,0.9157,0.0291
ppkm jarang keluar rumah nolep                                   ,1,0,0.8278,0.1128,0.0594
jalan ditutup ppkm                                     ,0,1,0.4037,0.4505,0.1458
etdah perasaan menfe jelasin deh tanya bolak balik ketik pencarian kedirife terus masukkan cari misal kedirife ppkm entar muncul tanya bolak balik woi heran                ,1,0,0.7397,0.2068,0.0535
bismillah kemarau kemarau kemarin dipikirkan hujan cara antisipasi hujan inshaallah kemarau dipikirkan ganti ppkm kopid                         ,1,0,0.4846,0.4344,0.0809
lelah lelah nge  ulti level duluan ppkm                                ,1,0,0.4309,0.4113,0.1578
sahabat  menunggu waktu tepat  berani  tunggu ppkm selesai iya selamat pagi                          ,1,2,0.2091,0.4144,0.3765
terima kasih pak terlambat ppkm darurat berjalan minggu baik terlambat                              ,2,0,0.9423,0.0408,0.0169
berangkat eh ppkm                                     ,0,1,0.1975,0.7052,0.0973
ya penonton euro copa america lepas masker an enggak pakai masker bebas kayaknya indonesia pakai masker wfh ditambah ppkm darurat ah janc yekan                 ,0,1,0.2875,0.6011,0.1114
nusa penida kena ppkm nyebrang lewat pantai kusamba klungkung                               ,1,0,0.9415,0.044,0.0145
ppkm berhenti catatan tervaksin                                    ,1,0,0.5837,0.2761,0.1403
pergi jakarta untuk mengunjungi kakak meninggal ppkm terpaksa bertahan bekal habis ppkm perpanjang kira bantu iya biaar cepat pulamg                     ,0,1,0.1408,0.5626,0.2967
peraturan makan diwarung sesuai peraturan ppkm darurat  krj  mr   bawa bekal lho santai tempat khusus langsung  siang sederhana sehat pak               ,2,0,0.9955,0.0035,0.001
pagi dunia awali harimu ah ppkm diperpanjang                                 ,0,2,0.2589,0.3151,0.426
gubernur jawa barat ridwan kamil menyatakan pelaksanaan ppkm jawa barat berhasil ridwan kamil mengatakan keberhasilan  berdasarkan data                      ,2,1,0.0717,0.8477,0.0806
masalah kebijakan ppkm pusat mas jadi pemerintah daerah menjalankannya tinggal dilihat pelaksanaan warganya                           ,1,2,0.2293,0.3678,0.403
istilah ppkm china                                     ,1,0,0.9512,0.038,0.0108
tahu pekerjaan setuju ppkm                                    ,1,2,0.0901,0.1209,0.789
libur digeser ppkm diperpanjang what                                   ,0,1,0.2923,0.5932,0.1146
terpikirkan korea paham ppkm gaksih                                   ,1,0,0.8569,0.0982,0.0449
aah ppkm kayak ppkm sih daerah rumahku wkwk                                ,0,1,0.1642,0.7504,0.0854
menolak ppkm terus solusi nya                                   ,0,1,0.3354,0.5043,0.1603
kasihan bapak ppkm melayani tambal ban onlen                                 ,0,1,0.1839,0.7289,0.0872
toko mall tetap buka sih ppkm daerah istimewa yogyakarta                               ,1,2,0.1352,0.1825,0.6823
hai sobat difa dikala ppkm difa menghadirkan fasilitas telekonsultasi untuk sahabat difa membutuhkan konsultasi datang klinik untuk tetap menampung keluhan sahabat difa rasakan                 ,2,1,0.1698,0.4781,0.352
ppkm udahan jadwal bulan juni kemarin jadi tunda terus                               ,0,1,0.1092,0.8367,0.0541
pemilik mall mah kena ppkm tabungannya bank untuk membuka lahan membangun mall cukup                           ,1,0,0.4472,0.4391,0.1137
mendagri meminta kepala daerah ragu terapkan ppkm darurat                                ,2,0,0.464,0.2979,0.2381
ngikuti pemerintah ppkm level                                    ,1,0,0.4934,0.2651,0.2415
gara ppkm darurat lupa vonis eddy binur juliardi bansos                               ,0,2,0.1047,0.1485,0.7468
ppkm perpanjang terus maju nya iya                                  ,0,2,0.2976,0.3073,0.3951
ppkm seumur                                      ,1,0,0.8877,0.0833,0.029
benar melamar kerja jadi pejabat bebas no ppkm                                ,1,0,0.9914,0.0067,0.0019
lupa banget hari ppkm                                    ,1,2,0.1993,0.3066,0.4941
plongo dibilang situasi ppkm cases covid terkerdali tuan manggut manggut setuju baca data sekecil plongo menganalisa terkendali                       ,0,2,0.3316,0.1195,0.5488
hari hari ppkm terus ngapa sedang apa memikirkan terus ara dirumah                             ,1,0,0.6686,0.2118,0.1195
baru  ppkm nya idul adha                                  ,1,0,0.6025,0.2761,0.1214
gara ppkm sim salabim markidud                                   ,0,1,0.1238,0.7867,0.0895
ppkm banget sadar pacar duluan putus                                  ,1,0,0.778,0.1494,0.0725
panjang keras tahan susah ppkm                                   ,0,1,0.3105,0.5519,0.1376
dikorbankan bung disembelih untuk jadi tumbal ppkm darurat diperpanjang                               ,0,1,0.2885,0.5099,0.2016
hai kang terima kasih memberi kesempatan berikut produk baru release   ppkm darurat                          ,1,2,0.2252,0.3065,0.4683
kepala bnpb meninjau posko ppkm selter covid sleman                                ,1,0,0.8214,0.1304,0.0482
pemerintah menerapkan kebijakan mempertimbangkan bantu rakyat gasemua rakyat kayak gasemua rakyat beli makan sehari hari dibantu lihat orang dagang ngeluh ppkm jadi gbsa dagang dagang gacukup kerja ngatasin pandemi           ,2,0,0.9927,0.0039,0.0034
untung ppkm diperpanjang  bakar nu                                  ,1,2,0.1044,0.1418,0.7538
setan be like jobdesc ppkm                                   ,1,0,0.6514,0.1767,0.1719
libur minggu jadi tahun percaya ppkm selesai                                 ,0,1,0.1765,0.6938,0.1297
terjadi  pemahaman ppkm darurat ppkm darurat lockdown indonesia menerapkan lockdown                             ,1,0,0.4695,0.3829,0.1476
ppkm nya hilang                                     ,1,0,0.4132,0.339,0.2477
iya peluang macet akibat ppkm pengendara iya menciptakan petugas jadi penonton                             ,1,0,0.9941,0.0047,0.0012
menjadi seseorang alamualaikum semangad pagi doain ya rencana banten belajar debus makan paku kawat jaga ppkm selamat aktifitas ya                     ,0,2,0.1508,0.3075,0.5416
terus ppkm lv                                     ,0,2,0.2352,0.3661,0.3986
untungnya ppkm  sehari datang nikahan                                  ,2,0,0.4585,0.2032,0.3383
ppkm penista mampoes                                     ,0,1,0.2265,0.6436,0.1299
ppkm levelnya harapkan rakyat presiden  berpikir situasi serba sulit sebaiknya  pemimpin negara berhasil keluar pandemi                       ,1,0,0.9823,0.0102,0.0074
ppkm                                       ,0,1,0.2063,0.6576,0.1361
hai kak mohon maaf ya infoin untuk pengiriman  ppkm yuk infoin  nomor  bantu cek terima kasih ub                    ,0,1,0.0951,0.8064,0.0985
 lion air iya om ditindak  pelanggaran ppkm                               ,1,0,0.9653,0.0268,0.0079
salah panitianya perangkat desa sosialisasi ppkm                                  ,0,2,0.1977,0.1636,0.6388
mulai berlaku iya ppkm darurat hari semoga  angka positif terus naik kurang sih dua minggu mesti sebulan satu setengah bulan baru efektif dampaknya                ,2,0,0.8341,0.0974,0.0685
impian sih impian tahu kondisi saudara laki laki ppkm                               ,0,2,0.0115,0.0219,0.9665
pas awal ppkm jajan wajib take away makan situ sepi banget waktu wkakwak                           ,1,0,0.9034,0.0669,0.0297
ppkm darurat lip service basa basi pemerintah olah peduli keselamatan warga negara                            ,0,2,0.05,0.0908,0.8592
ppkm pelan pelan membaik                                    ,2,1,0.0664,0.859,0.0746
 terus iya ppkm samar lanjutkan udah tanggal                                ,2,1,0.4189,0.454,0.1272
hari pertama ppkm rebahan hari kedua ppkm rebahan hari ketiga ppkm rebahan kerjaannya rebahan kontribusi pmerintah                        ,1,2,0.211,0.2091,0.5799
mengayuh sepeda virtual hari diundur ppkm darurat mancal minggu pagi solo ride blusukan sawah kampung tetap berolahraga imun vitalitas                     ,2,0,0.5962,0.2704,0.1334
main tebak tebakan ppkm kelar                                   ,1,0,0.6862,0.2603,0.0534
besok mulai ppkm mengajak ngemall cafe gitu hari                                ,1,0,0.9528,0.0362,0.0109
solat ied ppkm iya malas sih                                  ,1,0,0.5404,0.3318,0.1278
ppkm pak salam  beres                                   ,0,1,0.0261,0.9599,0.014
sepi iya gara gara ppkm                                   ,1,0,0.5925,0.2339,0.1736
ppkm efektif nurunin kasus covid iya deh diperpanjang hidup normal iya mas                            ,2,0,0.5221,0.2898,0.1881
bau bau ppkm jilid dua nih                                  ,1,0,0.9089,0.0667,0.0244
